,Company Name,Query,URL,Name of Web Page,Web Page Snippet,Domain Name
1,Microsoft,disabled employee news at Microsoft,https://news.microsoft.com/features/high-profile-leader-reveals-disability-helps-others-have-more-empowered-voice/,A high-profile leader reveals his disability to help ...,"But Edward, a Microsoft veteran of nearly 16 years, has largely muted his own story. While mentoring and encouraging employees with disabilities to “have a voice” and “leverage their backgrounds,” the corporate vice president has kept his own disability, diagnosed eight years ago, mostly hidden.",microsoft
5,Microsoft,disabled employee news at Microsoft,https://www.microsoft.com/en-us/procurement/diversity-sep.aspx,Supported Employment Program | Microsoft Procurement,"According to the U.S. Developmental Disabilities Act, the term developmental disability means a severe, chronic disability that occurs before an individual is 22 that is likely to continue indefinitely, and results in substantial functional limitations in three or more of the following areas of major life activity: self-care, receptive and expressive language, learning, mobility, self ...",microsoft
6,Microsoft,disabled employee news at Microsoft,https://blogs.microsoft.com/blog/2020/10/21/microsofts-2020-diversity-inclusion-report-a-commitment-to-accelerate-progress-amidst-global-change/,Microsoft’s 2020 Diversity & Inclusion report: A ...,"Today, I am sharing Microsoft’s 2020 Diversity and Inclusion report, which comes at a time marked by the ongoing COVID-19 pandemic, amplified acts of racial injustice, and the reality of global uncertainty.. This year’s report focuses on three core areas in addition to the data: the ways that diversity and inclusion is integrated into our employee pandemic response, our commitments to ...",microsoft
7,Microsoft,disabled employee news at Microsoft,https://answers.microsoft.com/en-us/edge/forum/edge_issue-edge_win10/how-to-disable-ms-news/6e6dc5f6-3cc0-4f7e-9f44-e8ac4842586a,how to disable ms news - Microsoft Community,"To remove it go to Settings > Apps > Apps & Features > Microsoft News app > Advanced Settings > Uninstall. I hope this helps. Feel free to ask back any questions and keep me posted. If you'll wait to rate whether my post helped you, I will keep working with you until it's resolved.",microsoft
10,Microsoft,disabled employee news at Microsoft,https://news.microsoft.com/features/how-gamers-with-disabilities-helped-design-the-new-xbox-adaptive-controllers-elegantly-accessible-packaging/,How gamers with disabilities helped ... - news.microsoft.com,"Recognizing that reality, Microsoft’s Packaging Design team faced a unique challenge in creating a box for the new Xbox Adaptive Controller, designed to accommodate gamers with limited mobility. The box for the device, which will be available for $99.99 in September through the Microsoft Store, needed to be as accessible as what was inside.",microsoft
14,Microsoft,disabled employee news at Microsoft,https://news.microsoft.com/employee-experience/,Reimagine the employee experience - news.microsoft.com,"Microsoft Viva: empowering every employee for the new digital age. Today we’re introducing Microsoft Viva, the first employee experience platform built for the digital era. Microsoft Viva brings together communications, knowledge, learning, resources and insights into an integrated experience that empowers people and teams to be their best, from anywhere.",microsoft
16,Microsoft,disabled employee news at Microsoft,https://answers.microsoft.com/en-us/msoffice/forum/msoffice_o365admin-mso_dirservices-mso_o365b/i-have-mfa-disabled-but-account-is-still-asking-to/d1d50b90-fe46-4836-bfdf-429478e26069,I have MFA disabled but account is ... - answers.microsoft.com,I have MFA disabled but account is still asking to perfom 2FA I have an email service account that I use for support emails with no assigned user. I do not wish to have any type of phone verification on this account as I do not have a designated phone to provide.,microsoft
17,Microsoft,disabled employee news at Microsoft,https://news.microsoft.com/stories/xbox-adaptive-controller/,Plugged In | Microsoft Story Labs,"The genesis of the Xbox Adaptive Controller goes back to 2014, when a Microsoft engineer was scrolling through Twitter and noticed a photo of a custom gaming controller made by Warfighter Engaged, a nonprofit organization that provides gaming devices to wounded vets. The employee reached out to the organization's founder, Ken Jones, and learned how difficult it was for injured veterans ...",microsoft
18,Microsoft,disabled employee news at Microsoft,https://techcommunity.microsoft.com/t5/windows-10/possible-to-disable-microsoft-store-while-allowing-app-updates/m-p/900121,Possible to disable Microsoft Store while allowing app ...,"Windows 10 Pro from 1511 build upward, you notice that the Group Policy settings to disable Microsoft Store are not applied, and you cannot disable Microsoft Store . This behavior is by design. In Windows 10, version 1511, Windows 10, version 1809, and Windows 10, version 1903, these policies are applicable to users of the Enterprise and ...",microsoft
19,Microsoft,disabled employee news at Microsoft,https://answers.microsoft.com/en-us/,Microsoft Community,"Ask the Microsoft Community. We're here to help! Post questions, follow discussions, share your knowledge. Learn how to get started.",microsoft
20,Microsoft,disabled employee news at Microsoft,https://techcommunity.microsoft.com/t5/microsoft-sharepoint-blog/innovations-for-workplace-communications-and-employee-engagement/ba-p/1696149,Innovations for workplace communications and employee ...,"Boost news in SharePoint. Prioritize important news and announcements to appear at the top of news feeds across Microsoft 365. You can boost the visibility of a news article for a set time, until an employee has seen your content, or until a viewer has seen the item in their feed a set number of times. Share news to email, Microsoft Teams, and ...",microsoft
21,Microsoft,disabled employee news at Microsoft,https://blogs.microsoft.com/blog/2015/08/05/the-employee-experience-at-microsoft-aligning-benefits-to-our-culture/,The employee experience at Microsoft: Aligning benefits to ...,"The employee experience at Microsoft: Aligning benefits to our culture. Aug 5, 2015 ... (opens new window) When I look at how rapidly the traditional workplace is changing, not just at Microsoft, but throughout business in general, I see a tremendous opportunity for companies to put a stake in the ground around what they believe in and what ...",microsoft
24,Microsoft,employee accessibility news stories Microsoft,https://news.microsoft.com/2021/02/04/microsoft-unveils-new-employee-experience-platform-microsoft-viva-to-help-people-thrive-at-work/,Microsoft unveils new Employee Experience Platform ...,"Company reimagines fragmented $300 billion market to bring tools for employee communications, wellbeing, learning and knowledge discovery into the flow of work REDMOND, Wash. — Feb. 4, 2021 — Microsoft Corp. on Thursday announced Microsoft Viva, the first employee experience platform to bring tools for employee engagement, learning, wellbeing and knowledge discovery, directly into the […]",microsoft
26,Microsoft,employee accessibility news stories Microsoft,https://news.microsoft.com/features/,Features - Stories - news.microsoft.com,"News and Stories. Accessibility Blog; AI Blog; Customer Stories; Education Stories; Feature Stories; ... Unusual ‘machine in the woods’ taps clean energy deep underground for new Microsoft campus. March 10, 2021. New ideas and energized employees fuel Microsoft’s ongoing efforts toward racial equity. February 22, 2021. With lessons rooted ...",microsoft
28,Microsoft,employee accessibility news stories Microsoft,https://blogs.microsoft.com/on-the-issues/2019/07/12/the-power-of-inclusion-extending-our-learnings-from-the-supported-employment-program/,"The power of inclusion, extending ... - blogs.microsoft.com","Jul 12, 2019 | Jenny Lay-Flurrie - Chief Accessibility Officer Fathi Mohamed from the Supported Employment Program waves from the Microsoft Connector bus. Our mission at Microsoft is to empower every person and every organization on the planet to achieve more. That includes the 1+ billion people with disabilities around the world.",microsoft
29,Microsoft,employee accessibility news stories Microsoft,https://customers.microsoft.com/,Microsoft Customer Stories,Microsoft customer stories. See how Microsoft tools help companies run their business.,microsoft
30,Microsoft,employee accessibility news stories Microsoft,https://news.microsoft.com/transform/now-its-personal-unilevers-digital-journey-leads-to-real-results-for-consumers-and-employees/,Now it’s personal: Unilever’s ... - news.microsoft.com,"At the Microsoft Inspire 2019 conference, Microsoft’s executive vice-president of Worldwide Commercial Business, Judson Althoff, spoke to Unilever executives about how Microsoft technology is fueling Unilever’s digital transformation. Above, Althoff greets employees at a Unilever factory in Valinhos, Brazil .",microsoft
32,Microsoft,employee accessibility news stories Microsoft,https://www.microsoft.com/en-us/edge/microsoft-news,Microsoft News App for Edge | Microsoft,"Available in 31 languages, Microsoft News includes options to follow specific topics, mute publishers, and read local news from anywhere in the world. Completely free on all your devices Access breaking news and trending stories across desktop and mobile through Microsoft News for Windows, macOS, iOS, and Android.",microsoft
33,Microsoft,employee accessibility news stories Microsoft,https://www.microsoft.com/en-us/microsoft-365/customer-stories,Microsoft 365 Customer Stories,"Health teams at St. Luke’s University Health Network were already using Microsoft 365 when COVID-19 hit, and quickly saw the value of Microsoft Teams as a collaboration solution to collect data and create a treatment protocol based on and evaluated against their own real-time data.",microsoft
34,Microsoft,employee accessibility news stories Microsoft,https://blogs.microsoft.com/blog/2020/06/05/change-in-ourselves-helps-drive-change-in-the-world/,Change in ourselves helps drive ... - blogs.microsoft.com,"An email from CEO Satya Nadella to Microsoft employees: Seeing injustice in the world calls us all to take action, as individuals and as a company. Sometimes this action is personal – what do I do to change? Sometimes it is organizational – what changes do I need to make around me? And sometimes it is reflected...",microsoft
35,Microsoft,employee accessibility news stories Microsoft,https://answers.microsoft.com/en-us/edge/forum/edge_open-edge_win10/how-do-i-remove-the-msn-news-feed-from-edge/8e008f68-10fd-4c2c-a13a-68cd5c303432,how do i remove the msn news feed from edge - Microsoft ...,"You can also set the New tab page option to A blank page so that you will not see MSN news when opening a new tab. To do change these options, follow these steps: Access Microsoft Edge. Click the three dots icon on the upper right part of Microsoft Edge. Under Open Microsoft Edge with, click the drop-down menu and choose New tab page.",microsoft
37,Microsoft,employee accessibility news stories Microsoft,https://support.microsoft.com/en-us/topic/all-about-the-msn-news-app-c39b9700-954d-9f16-6b36-f2ca8dd983a4,All about the MSN News app - support.microsoft.com,Use the headlines area to choose stories from some of the most trusted sources in news. You can edit the categories in this section by tapping the edit icon and choosing your favorite news segments. Option 2 For the Windows app: Swipe through the home screen of the app to the Sources section. Tap or select any of the news organizations listed.,microsoft
38,Microsoft,employee accessibility news stories Microsoft,https://dynamics.microsoft.com/en-us/resources/,Resources | Microsoft Dynamics 365,"Explore learning content, documentation, information about upcoming product releases, customer stories, and other resources for Microsoft Dynamics 365.",microsoft
39,Microsoft,employee accessibility news stories Microsoft,https://blogs.microsoft.com/,The Official Microsoft Blog,"Feb 16, 2021 | Rik van der Kooi - Corporate Vice President, Microsoft Advertising and Executive Sponsor of the employee resource group Blacks at Microsoft. Black History Month 2021: One ally’s perspective",microsoft
42,Microsoft,Microsoft name erg disability news,https://query.prod.cms.rt.microsoft.com/cms/api/am/binary/RE4aqv1,DIVERSITY AND INCLUSION REPORT 2019,"Microsoft’s mission is to empower every person and every organization on the planet to achieve more. Diversity and inclusion are inherent to this mission. When we form a diverse, welcoming environment, imbued with our values of ... disabilities—as well as for sighted people who need to extend their field of vision in challenging environments.",microsoft
43,Microsoft,Microsoft name erg disability news,https://answers.microsoft.com/en-us/windows/forum/windows_10-windows_install/disability-support/ab76a06e-791d-4275-9b83-6e04b4c48cff,Disability Support - Microsoft Community,Tech support scams are an industry-wide issue where scammers trick you into paying for unnecessary technical support services. You can help protect yourself from scammers by verifying that the contact is a Microsoft Agent or Microsoft Employee and that the phone number is an official Microsoft global customer service number.,microsoft
44,Microsoft,Microsoft name erg disability news,https://microsoftedge.microsoft.com/addons/detail/jdmefnjfemopmmkchjppgoklneobkafl?extInstall=1&partner=oo-q220-banner,Yahoo Homepage - Microsoft Edge Addons,"Make Yahoo your homepage to stay on top of today’s headlines, sports and finance news. Download this free extension to get the latest from Yahoo every time you open your Edge browser. Features include: - Sets your browser’s default homepage to Yahoo.com for the latest news and updates.",microsoft
45,Microsoft,Microsoft name erg disability news,https://blogs.microsoft.com/blog/2021/03/31/mutual-empowerment-through-mentorship-sponsorship-and-allyship/,Mutual empowerment through ... - blogs.microsoft.com,"Jenny Lay-Flurrie and Jacky Wright first met in 2012 while both were on a panel sponsored by the Women at Microsoft employee resource group (ERG). The connection was instant. Both Brits had moved to the U.S. to work with Microsoft – Jacky had just joined Microsoft as the vice president of IT Strategic Services, while...",microsoft
46,Microsoft,Microsoft name erg disability news,https://support.microsoft.com/en-us/topic/use-a-screen-reader-to-explore-and-navigate-project-13ff45f7-0bd0-41b5-84a6-e1fd5bab06a2,Use a screen reader to explore and navigate Project,"Notes: New Microsoft 365 features are released gradually to Microsoft 365 subscribers, so your app might not have these features yet. To learn how you can get new features faster, join the Office Insider program. To learn more about screen readers, go to How screen readers work with Microsoft Office.. When you use Project for the web, we recommend that you use Microsoft Edge as your web browser.",microsoft
50,Microsoft,disabled employee news blogs Microsoft,https://devblogs.microsoft.com/visualstudio/,Visual Studio Blog - devblogs.microsoft.com,"We're excited to announce that Visual Studio 2019 for Mac version 8.9 is available for you to download today. This release includes support for .NET 6 Preview 1, testing support for Unity applications, a preview of a new Quick Actions and Refactorings dialog, solution filter (.slnf file) support, and a new XML editor.",microsoft
53,Microsoft,disabled employee news blogs Microsoft,https://cloudblogs.microsoft.com/industry-blog/health/,Health - Microsoft Industry Blogs,"The COVID-19 pandemic has negatively impacted our health, economy, and psychosocial well-being. Public health mitigation measures such as wearing masks, social distancing, avoiding large gatherings, and washing hands have demonstrated benefit in curbing the spread of infection, but have been implemented inconsistently and unevenly throughout the world, which has limited their effectiveness.",microsoft
54,Microsoft,disabled employee news blogs Microsoft,https://www.microsoft.com/en-us/microsoft-365/blog/,Home - Microsoft 365 Blog,"At Microsoft, we believe that the cloud will power the work of the future. Overwhelmingly, our customers are choosing the cloud to empower their people—from frontline workers on the shop floor, to on-the-go sales teams, to remote employees connecting from home.",microsoft
55,Microsoft,disabled employee news blogs Microsoft,https://techcommunity.microsoft.com/t5/office-365-blog/bg-p/Office365Blog,Office 365 Blog - Microsoft Tech Community,"Office 365 Blog. Welcome to the Office 365 Blog! Learn best practices, news, and trends directly from the Office 365 team.",microsoft
56,Microsoft,disabled employee news blogs Microsoft,https://news.microsoft.com/life/widening-the-spectrum/,Widening the spectrum - Microsoft Life,"Through Microsoft’s efforts to hire employees on the autism spectrum, recruiters and hiring managers also put an emphasis on looking at a candidate’s background holistically. For instance, someone might have advanced degrees but be working at a big-box store.",microsoft
57,Microsoft,disabled employee news blogs Microsoft,https://news.microsoft.com/innovation-stories/,Innovation Stories at Microsoft,"Microsoft Mesh feels like the virtual future of Microsoft Teams meetings. Mar 2, 2021 | The Verge. The Earth’s atmosphere has been modelled in Microsoft Azure as part of a project to tackle climate change caused by aviation. Jan 20, 2021 | Microsoft News Centre UK. Introducing Microsoft Cloud for Retail. Jan 13, 2021 | Microsoft Industry Blogs",microsoft
59,Microsoft,disabled employee news blogs Microsoft,https://devblogs.microsoft.com/nuget/,"The NuGet Blog | The latest news, updates, and insights ...","The NuGet Blog. The latest news, updates, and insights from the NuGet team. Performance and Polish with NuGet 5.9. ... If you validate that packages are author signed by Microsoft, you will need to take steps to avoid disruptions when installing Microsoft packages. Comments are closed. 0 NuGet NuGet.org. View dependent packages on NuGet.org.",microsoft
60,Microsoft,disabled employee news blogs Microsoft,https://azure.microsoft.com/en-us/blog/,Azure Blog and Updates | Microsoft Azure,"Microsoft named a Leader in Forrester Wave: Function-as-a-Service Platforms. March 30, 2021. There are some use cases of serverless that need to be stateful—such as long-running workflows, human approved processes, and e-commerce shopping cart applications.",microsoft
61,Microsoft,disabled employee news blogs Microsoft,https://cloudblogs.microsoft.com/industry-blog/financial-services/,Financial Services - Microsoft Industry Blogs,"The impact of the COVID-19 pandemic has changed the way financial institutions, customers, and employees will conduct business and interact with each other. The need to adapt to enable remote working, to employing digitally connected services to customers, and to even build new business models requires speed, agility, and applying adaptive ...",microsoft
63,Microsoft,disabled employee news blogs Microsoft,https://techcommunity.microsoft.com/t5/microsoft-teams-blog/notifications-from-yammer-communities-are-now-available-in/ba-p/2080589,Notifications from Yammer communities are now available in ...,"Today we’re announcing the rollout of notifications from Yammer communities in Microsoft Teams. With millions of employees working remotely or in hybrid environments, it’s more important than ever for employees to feel connected. Teams makes it easier to collaborate with others, create workspaces, c...",microsoft
64,Microsoft,disabled employee news blogs Microsoft,https://azure.microsoft.com/en-us/blog/topics/government/,Government | Azure Blog and Updates | Microsoft Azure,"Get the latest Azure news, updates, and announcements from the Azure blog. From product updates to hot topics, hear from the Azure experts.",microsoft
65,Microsoft,disabled employee news blogs Microsoft,https://cloudblogs.microsoft.com/dynamics365/it/,IT Professionals - Microsoft Dynamics 365 Blog,"The Microsoft Dynamics 365 (Preview) app for Windows is optimized to help your team stay productive whether they’re connected or working offline. The app provides your salespeople, agents, and supervisors with tools they need to track their tasks, arrive prepared for appointments, take notes, and access customer records.",microsoft
66,Microsoft,disabled employee news blogs Microsoft,https://azure.microsoft.com/en-us/blog/topics/serverless/,Serverless | Azure Blog and Updates | Microsoft Azure,"Limited-time free quantities offer for Azure Synapse Analytics Wednesday, March 17, 2021. Customers with qualifying subscription types can now try the new serverless SQL pool and Apache Spark pool resources in Azure Synapse Analytics using free quantities until July 31, 2021.",microsoft
69,Microsoft,accessibility statement news Microsoft,https://news.microsoft.com/on-the-issues/2019/09/25/accessibility-supportability-anne-taylor/,‘We are at a crossroads’ – How Microsoft’s Accessibility ...,"Taylor brought her extensive accessibility advocacy experience and knowledge to Microsoft, helping to transform the company’s culture, when she joined in May 2015. During her first year at Microsoft, she became a key member of the Hackathon team that brought Microsoft’s Seeing AI app to market. The app is designed to help people who, like ...",microsoft
74,Microsoft,accessibility statement news Microsoft,https://techcommunity.microsoft.com/t5/microsoft-forms-blog/microsoft-forms-is-committed-to-inclusive-design-and-accessible/ba-p/257057,Microsoft Forms is committed to inclusive design and ...,"Microsoft Forms allows users to quickly and easily create custom quizzes, surveys, questionnaires, registration forms, and more. In our commitment to provide inclusive design and accessible content, we continue to improve the Forms experience for all customers by following Microsoft Accessibility Standards (MAS).",microsoft
75,Microsoft,accessibility statement news Microsoft,https://news.microsoft.com/category/press-releases/,Press Releases - Stories - news.microsoft.com,"Amadeus and Microsoft form strategic partnership to drive future innovation in travel February 22, 2021 Technology and media entities join forces to create standards group aimed at building trust in online content",microsoft
78,Microsoft,accessibility statement news Microsoft,https://www.microsoft.com/en-us/accessibility/supplier-toolkit-resources,Supplier Web Accessibility Tools | Microsoft Accessibility,"Microsoft accessibility conformance reports Web Content Accessibility Guidelines (WCAG) Section 508 EN 301 549 Microsoft accessibility features and tools Microsoft seeks to empower all people to achieve more with Microsoft technologies, including the more than 1 billion people in the world with disabilities.",microsoft
79,Microsoft,accessibility statement news Microsoft,https://news.microsoft.com/,"Stories | Microsoft news, features, events, and press ...",Latest News. World Autism Awareness Day – A playbook to inclusive hiring; Celebrating World Autism Awareness Day and Autism Acceptance Month; Top 5 things to see and do at this year’s Hannover Messe Digital Edition show for the manufacturing world,microsoft
81,Microsoft,accessibility statement news Microsoft,https://docs.microsoft.com/en-us/compliance/regulatory/offering-WCAG-2-1,Web Content Accessibility Guidelines - Microsoft ...,"Sometimes, Microsoft might release a new component for an existing product, or a new version of an existing component, which users can choose to install separately, and Microsoft might also publish a WCAG report for that component. Download the WCAG (ISO/IEC 40500) accessibility standards. Microsoft in-scope cloud services. Azure and Azure ...",microsoft
82,Microsoft,accessibility statement news Microsoft,https://blogs.microsoft.com/accessibility/page/2/,Microsoft Accessibility Blog - Page 2 of 32 - Making ...,"More News Accessible Tech ... By Microsoft Accessibility Blog. Jul 6, 2020 Accessible Tech Building a cloud that is accessible to all May 28, 2020 Ability Summit Looking back at 10 years of learning at the annual Ability Summit. By Jenny Lay-Flurrie - Chief Accessibility Officer.",microsoft
83,Microsoft,accessibility statement news Microsoft,https://docs.microsoft.com/en-us/windows/win32/accessibility/accessibility-whatsnew,What's new in Windows accessibility ... - docs.microsoft.com,"For more info on the latest tools available for testing the accessibility implementation of your Windows and web applications, see Testing for accessibility. What's new for Windows 10 May 2019 Update (Version 1903) The following features, tools, developer guidance, samples, and videos have been made available for the Windows 10 May 2019 Update.",microsoft
85,Microsoft,accessibility statement news Microsoft,https://support.microsoft.com/en-us/microsoft-edge/accessibility-with-the-new-microsoft-edge-963ad3d1-2a34-9678-43ea-88332ae3300c,Accessibility with the new Microsoft Edge,"We’re excited to walk you through the accessibility enhancements we’ve added to the new Microsoft Edge and show you how to use your screen reader and keyboard to make sure that you’re using the very latest version, so you can enjoy the smoothest possible browsing experience. If you’ve used an older version of Microsoft Edge, you’ll notice that some things have changed, but we’ve ...",microsoft
87,Microsoft,accessibility statement news Microsoft,https://support.microsoft.com/en-us/account-billing/accessibility-features-for-the-microsoft-account-website-c4610278-a5b9-d85c-0308-0619d0cc3e11,Accessibility features for the Microsoft account website,"For more keyboard shortcuts, see Windows keyboard shortcuts for accessibility.. View pages in high contrast. Most operating systems provide high contrast options. For information about high contrast mode and other accessibility options in Windows 7, Windows 8.1, and Windows 10, go to the Windows accessibility help page, and then select your operating system version from the drop-down list next ...",microsoft
88,Microsoft,accessibility statement news Microsoft,https://microsoftedge.microsoft.com/addons/detail/accessibility-insights-fo/ghbhpcookfemncgoinjblecnilppimih,Accessibility Insights for Web - Microsoft Edge Addons,"Accessibility Insights for Web is a browser extension that helps developers find and fix accessibility issues in web apps and sites. The tool supports two primary scenarios: FastPass is a lightweight, two-step process that helps developers identify common, high-impact accessibility issues in less than five minutes.",microsoft
89,Microsoft,accessibility statement news Microsoft,https://blogs.microsoft.com/accessibility/10-habits-to-create-accessible-content/,10 Habits to create accessible content - Microsoft ...,"The M365 Accessibility Checker is designed to help everyone create more accessible content. It’s easier and more efficient to create an accessible document from the beginning than fix at the end so these tools are best used as you write emails, Word docs, PowerPoint decks, or create an Excel table.",microsoft
91,Microsoft,accommodation statement news Microsoft,https://docs.microsoft.com/en-us/learn/certifications/request-accommodations,Request accommodations | Microsoft Docs,"Request accommodations. 08/11/2020; 2 minutes to read; M; b; In this article For exams delivered through Pearson VUE: If you need additional time because the exam is not available in your native language, you may request this by submitting the English as a Second Language form.Follow the instructions on the form.",microsoft
93,Microsoft,accommodation statement news Microsoft,https://news.microsoft.com/2021/02/25/amadeus-and-microsoft-form-strategic-partnership-to-drive-future-innovation-in-travel/,Amadeus and Microsoft form strategic partnership to drive ...,"REDMOND, Wash. — Feb. 25, 2021 — Amadeus and Microsoft today announce a global strategic partnership that will harness cloud technology to innovate and explore new products and solutions and create smoother travel experiences in the future. The partnership will combine Microsoft trusted, secure cloud platforms and industry-leading collaboration and enterprise technologies with Amadeus ...",microsoft
94,Microsoft,accommodation statement news Microsoft,https://www.microsoft.com/en-us/Investor/order-print.aspx,Microsoft Investor Relations - Annual Reports - Order Print,2020 annual report. view online . download now,microsoft
95,Microsoft,accommodation statement news Microsoft,https://blogs.microsoft.com/on-the-issues/,Microsoft On the Issues - News and perspectives on legal ...,"Microsoft’s Endorsement of Australia’s Proposal on Technology and the News Feb 8, 2021 | Jacqueline Beauchere - Global Digital Safety Advocate New Microsoft data shows improved civility online, driven by teens",microsoft
96,Microsoft,accommodation statement news Microsoft,https://www.microsoft.com/en-us/p/microsoft-news/9wzdncrfhvfw?cid=general,Get Microsoft News - Microsoft Store,"- Microsoft News updates you with notifications of breaking news, quickly and accurately, 24/7 - Sync your preferences across the app and the Web. Microsoft News works in partnership with hundreds of publishers in dozens of countries globally. Select from editions in more 20 countries, carrying content from 3,000 top brands.",microsoft
97,Microsoft,accommodation statement news Microsoft,https://techcommunity.microsoft.com/t5/microsoft-bookings/end-date-to-service/m-p/108720,End date to service - Microsoft Tech Community,I'm using bookings to let clients book phone consults. The service is only available for one month so bookings can only be made until a sertain date. Is it possible in bookings to set an end date on a specific service?,microsoft
98,Microsoft,accommodation statement news Microsoft,https://techcommunity.microsoft.com/t5/microsoft-bookings-blog/bg-p/Office365BusinessAppsBlog,Microsoft Bookings Blog - Microsoft Tech Community,Microsoft Bookings now supports online meetings and group services Jessica_Wilczek on 03-06-2020 10:53 AM Two of the most consistent pieces of feedback we received is that you conduct many meetings online and have “class-style...,microsoft
100,Microsoft,interview accommodations news Microsoft,https://www.microsoft.com/en-us/microsoft-365/business-insights-ideas/resources/phone-interview-questions-ask-new-hires,Phone Interview Questions to Ask New Hires - microsoft.com,"Use phone interview questions such as “Can you travel/lift heavy loads/stand for long periods at a time?” to screen out candidates who don’t meet the physical requirements of a job. For example, an answer of “No” on the question “Can you travel for work?” is disqualifying for a sales role that requires a lot of time outside of the ...",microsoft
101,Microsoft,interview accommodations news Microsoft,https://answers.microsoft.com/en-us/windows/forum/apps_windows_10-win_news/news-app-will-not-work/657ae3df-9fdd-4e44-ace1-c63e2d2a68ae,News App will not work - Microsoft Community,"4. When finished, you can close PowerShell, and try opening the Microsoft Store app again .. Method 2: Re-register Microsoft Store app for All Users You must be signed in as an administrator to be able to do this option. 1. Terminate the Microsoft Store app to make sure it's closed and not running. 2. Open an elevated PowerShell 3.",microsoft
102,Microsoft,interview accommodations news Microsoft,https://answers.microsoft.com/en-us/feedback/forum/fdbk_news/interview-with-noel-and-nathan-volunteer/471c8ac0-8945-400b-89af-31463028353e,Interview with Noel and Nathan ... - answers.microsoft.com,"Interview with Noel and Nathan, Volunteer Moderators in the English Community Noel and Nathan are two very valuable members of our English Microsoft Community. Because they are part of our team, we rely on them daily on our forums and value their help as Volunteer Moderators and Volunteer Abuse Moderators.",microsoft
103,Intel,disabled employee news at Intel,https://newsroom.intel.com/news/intel-announces-expanded-paid-leave-benefits/,Intel Announces Expanded Paid Leave Benefits | Intel Newsroom,"Short-term disability coverage: The benefit, which includes pregnancy, approximates regular pay for up to 52 weeks and will be provided at no cost. Why It Matters: These enhancements are part of Intel’s continued investment in benefits to support employee well-being. By enhancing its paid leave benefits, Intel allows employees to focus on ...",intel
104,Intel,disabled employee news at Intel,https://newsroom.intel.com/latest-news/,Latest News | Intel Newsroom,"Intel Unleashed: Engineering the Future (Replay) March 23, 2021 Intel CEO Pat Gelsinger Announces ‘IDM 2.0’ Strategy for Manufacturing, Innovation and Product Leadership",intel
105,Intel,disabled employee news at Intel,https://simplecore.intel.com/newsroom/press-kits/intel-ces-2021/,Intel at CES 2021 | Intel Newsroom,"Intel’s unmatched innovation, scale and ecosystem deliver world-changing technology that helps meet those needs. At CES 2021, Intel will preview exciting new technology via two news conferences plus host an in-depth technology session from Mobileye. More: » Intel at CES 2021 on Intel.com » CES 2021 Official Website. News",intel
108,Intel,disabled employee news at Intel,https://community.intel.com/t5/Hardware-Products/ct-p/hardware-products,Hardware Products - Intel Community,"Intel® graphics drivers and software, compatibility, troubleshooting, performance and optimization 95576 Posts ‎04-02-2021 08:46 AM: Processors. ... Employee. in Intel® Optane™ Persistent Memory Blog 03-11-2021 3 Kudos 0 Replies 316 Views For ...",intel
110,Intel,disabled employee news at Intel,https://itpeernetwork.intel.com/enhancing-intel-employee-productivity/,Enhancing Intel Employee Productivity – IT Peer Network,"Intel employees spend almost a billion minutes in meetings every year, an area ripe for increased productivity using effective collaboration and wire-free content sharing. Intel IT’s deployment of the Intel Unite® solution has allowed the sharing and annotating of content seamlessly in more than 4,000 conference rooms worldwide.",intel
111,Intel,employee accessibility news stories Intel,https://newsroom.intel.com/press-kits/intel-response-covid-19-crisis/,Intel Response to COVID-19 Crisis | Intel Newsroom,Intel’s top priority is protecting the health and well-being of employees while keeping the business running for our customers and supporting the communities we operate in. Intel will continue to share updates on our efforts throughout the developing situation. More: Coronavirus (COVID-19) Response and Support Hub. News,intel
116,Intel,employee accessibility news stories Intel,https://www.intel.com/content/www/us/en/jobs/jobs-at-intel.html,Careers at Intel,// Intel is committed to respecting human rights and avoiding complicity in human rights abuses. See Intel’s Global Human Rights Principles . Intel’s products and software are intended only to be used in applications that do not cause or contribute to a violation of an internationally recognized human right.,intel
117,Intel,Intel name erg disability news,https://newsroom.intel.com/news-releases/new-intel-created-system-offers-professor-stephen-hawking-ability-to-better-communicate-with-the-world/,New Intel-Created System Offers Professor Stephen Hawking ...,"LONDON, Dec. 2, 2014 – Today Intel demonstrated for the first time with Professor Stephen Hawking a new Intel-created communications platform to replace his decades-old system, dramatically improving his ability to communicate with the world.",intel
118,Intel,Intel name erg disability news,https://newsroom.intel.com/news/intel-artificial-intelligence-opens-door-mobility-quadriplegic-community/,Intel Artificial Intelligence Opens Door to Mobility for ...,"» Download all images (ZIP, 13 MB) What’s New: With HOOBOX Robotics’ Wheelie 7* kit powered by Intel artificial intelligence (AI) technologies, people can control their motorized wheelchairs with simple facial expressions. There are more than 60 people in the United States testing the Wheelie 7 – most of whom are quadriplegics, people with amyotrophic lateral sclerosis or senior citizens.",intel
119,Intel,Intel name erg disability news,https://software.intel.com/content/www/us/en/develop/documentation/gpa-user-guide-for-windows-host/top/analyzing-desktop-api-graphics-applications/profiling-frames/profiling-directx-9-10-frames-legacy/discovering-expensive-ergs.html,Discovering Expensive Ergs in DirectX 9/10 Frames - Intel,"By default, the Visualization pane shows the whole frame, and the height of the erg bar corresponds to the relative duration of the erg as executed on the GPU. The higher the bar, the more expensive the erg in terms of total rendering time. ... // Intel is committed to respecting human rights and avoiding complicity in human rights abuses.",intel
121,Intel,disabled employee news blogs Intel,https://blogs.intel.com/policy/,Homepage - Tech Policy@Intel,"The Data is Clear: We need bipartisan support for the Justice in Policing Act-By Natasha Martell Jackson, Social Equity Program Office at Intel At Intel, we acknowledge that what happens outside of Intel affects our employees inside the company as well. I've been an Intel employee for more than 20 years and held many roles throughout my career.",intel
122,Intel,disabled employee news blogs Intel,https://blogs.intel.com/policy/feed/,Tech Policy@Intel - Blogs@Intel,"By Natasha Martell Jackson, Social Equity Program Office at Intel At Intel, we acknowledge that what happens outside of Intel affects our employees inside the company as well. I’ve been an Intel employee for more than 20 years and held many roles throughout my career.",intel
124,Intel,disabled employee news blogs Intel,https://newsroom.intel.com/editorials/intel-rule-action-improve-diversity-legal-profession/,The Intel Rule: Action to Improve Diversity in the Legal ...,"Firms are eligible to do legal work for Intel only if, as of that date and thereafter, they meet two diversity criteria: at least 21% of the firm’s U.S. equity partners are women and at least 10% of the firm’s U.S. equity partners are underrepresented minorities (which, for this purpose, we define as equity partners whose race is other than ...",intel
125,Intel,disabled employee news blogs Intel,https://www.intel.com/content/dam/jobs/documents/employment%20forms-complete.pdf,New Employee Paperwork Summary - Intel,5. Intel Employee Agreement 6. New Employee Orientation Certification 7. Employment Eligibility Verification I-9 8. Intel Retirement Plans Prior Service Questionnaire 9. New Hire Benefits Form 10. Medical Provider Network (MPN) Handbook Please include this checklist when submitting forms to the Intel representative.,intel
127,Intel,disabled employee news blogs Intel,https://www.intel.com/content/dam/jobs/documents/intelbenefits-infographic.pdf,External IntelBenefits Infographic - Intel | Data Center ...,"Disability Coverage Life Insurance Encore Program Retiree Medical Coverage Retirement Plans 401K & ROTH 401K Contribution from Intel % of eligible earnings Onsite physical therapy Free ˜u shot $250 credit on premiums Onsite doctors (OR, NM, and AZ) Weight management program Smoking cessation program Health Coaching Employee Assistance Program ...",intel
129,Intel,accessibility statement news Intel,https://www.intel.com/content/www/us/en/diversity/accessibility-overview.html,Committed to a Culture of Accessibility - Intel,"Intel is committed to a culture of accessibility. We encourage every employee to be bold and fearlessly focused on going beyond what they thought possible. Individuals with disabilities add significant value to our workforce and economy. Intel believes that, in order to shape the future of technology, we must be representative of that future.",intel
131,Intel,accessibility statement news Intel,https://www.intel.com/content/www/us/en/research/news.html,News & Insights - Intel,// Intel is committed to respecting human rights and avoiding complicity in human rights abuses. See Intel’s Global Human Rights Principles . Intel’s products and software are intended only to be used in applications that do not cause or contribute to a violation of an internationally recognized human right.,intel
133,Intel,accommodation statement news Intel,https://newsroom.intel.com/,Intel Newsroom | Intel Official News and Information,"Intel News @intelnews · 22h 1378074918500380676 The latest version of the Intel #oneAPI Toolkits (2021.2) is available – packing in new and enhanced capabilities for cross-architecture support, compute performance, #AI and machine learning, media and #HPC.",intel
134,Intel,accommodation statement news Intel,https://simplecore.intel.com/newsroom/news-releases/idm-manufacturing-innovation-product-leadership/,Intel CEO Pat Gelsinger Announces ‘IDM 2.0’ Strategy for ...,"» Download all images (ZIP, 101 MB) NEWS HIGHLIGHTS. Announc ing manufacturing expansion plans; beginning with ~ $20 billion investment to build two new fabs in Arizona ; Intel 7 nanometer process development progressing well with tape in of 7nm compute tile for “Meteor Lake” expected in the second quarter of 20 21 ; Announcing Intel Foundry Services with plans to become a major provider ...",intel
135,Intel,accommodation statement news Intel,https://www.intel.gov/assets/documents/tet-documents/cia/WEEKLY-SUMMARY15478196.pdf,WEEKLY SUMMARY - Intel,"Minister Trinh's statement of 30 December has become the ""focus of world public opinion."" Hanoi is trying to sustain the momentum of this ... talk"" statement in the news and to maintain the impression that Page 3 WEEKLY SOMMARY 19 Jan 68 Approved for Release: 2018/07/26 C03172633 . t,oproved for Release: 2018/07/26 C031726~.3 ...",intel
138,Intel,interview accommodations news Intel,https://blogs.intel.com/jobs/2020/01/an-interview-with-intel-polands-super-intern/,An Interview with Intel Poland’s “Super Intern” - We Are Intel,"An Interview with Intel Poland’s “Super Intern” Written by We Are Intel. January 7, 2020 . Imagine beginning as a summer intern and ending up as a speaker at an international developer’s conference. That’s just what one Intel intern did. Is a journey like that even possible? ...",intel
139,Intel,interview accommodations news Intel,https://newsroom.intel.com/news/ces-2021-intel-ces-news-conference-prof-amnon-shashua/,CES 2021: Intel News Conference – Amnon Shashua: It’s Time ...,"Prof. Amnon Shashua, senior vice president of Intel and chief executive officer of Mobileye, speaks during CES 2021 at Monday, Jan. 11, at 10 a.m. PST. Intel’s news source for media, analysts and everyone curious about the company.",intel
143,Cisco,disabled employee news at Cisco,https://newsroom.cisco.com/,Cisco Newsroom | The Network,Cisco shifts to Passwordless authentication for its apps Cisco made some major announcements in its Cisco Live presentation this week. The company is making some big moves in the security space and to help with that ever-elusive work-life balance.,cisco
145,Cisco,disabled employee news at Cisco,https://blogs.cisco.com/news/expanding-well-being-care-beyond-our-employees-in-response-to-covid-19,Expanding well-being & care beyond our employees in ...,“We are passionate about helping our employees feel safe and supported at work and in their communities.” However evidence is available that I would like to share and discuss openly with Cisco and the wider audience on this blog. The evidence indicates Cisco have identified an employee struggling with mental health issues.,cisco
147,Cisco,disabled employee news at Cisco,https://www.cisco.edu/about/offices/human-resources/new-employees,New Employees | Cisco College,"New Employee Orientation. New employees are expected to attend the orientation where various topics will be discussed, e.g., vision, mission, goals, values, benefits, and operational guidelines, etc. Each employee will receive an New Hire Packet to bring to orientation and assist them with the acclimation process. New Hire Packets",cisco
148,Cisco,disabled employee news at Cisco,https://mkto.cisco.com/Security-Scholarship.html,Cisco,"Cisco also has enhanced its Security certification portfolio with a new CCNA Cyber Ops certification. Through the scholarship program, Cisco will offer free training, mentoring, and testing designed to help you earn CCNA Cyber Ops certification and hone the skills needed for the job role of security operations center analyst.",cisco
150,Cisco,disabled employee news at Cisco,https://www.cisco.edu/about/offices/human-resources/employment,Employment | Cisco College,"Benefits for Full-Time Cisco College Employees The benefits of working in higher education are many and allow you to plan well for your future. Along with retirement savings (Teacher Retirement System or Optional Retirement Plan – for qualified positions), Cisco College offers a host of benefits available to full-time employees.",cisco
151,Cisco,disabled employee news at Cisco,https://newsroom.cisco.com/feature-content?articleId=2101781,Episode 11: Diversity & Inclusion in Cybersecurity - Cisco,"News Releases. March 22, 2021 New Cisco Research Reveals Collaboration, Cloud, and Security are IT's Top Challenges March 22, 2021 Neil Patrick Harris and Dua Lipa Join Elton John and David Furnish for the 29th Annual Elton John AIDS Foundation Academy Awards Viewing Party March 15, 2021 Cisco and AMD Help Businesses Improve Performance, Security and Hybrid Cloud Operations",cisco
152,Cisco,disabled employee news at Cisco,https://investor.cisco.com/news/news-details/2020/Cisco-Radically-Simplifies-Security-for-Todays-Accelerated-IT-Agenda/default.aspx,Investor Relations - Cisco Radically Simplifies Security ...,"Cisco SecureX will be included with all Cisco Security products to simplify and enhance customer experience News Summary: Cisco SecureX, the broadest and most integrated cloud-native cybersecurity platform, will be generally available globally on June 30, 2020. With remote work on the rise, CISOs can leverage SecureX to achieve unified visibility across Cisco security products, automate ...",cisco
157,Cisco,employee accessibility news stories Cisco,https://newsroom.cisco.com/overview,Cisco Corporate Overview and Resources | The Network,"Cisco Overview Cisco (NASDAQ: CSCO) Cisco helps seize the opportunities of tomorrow by proving that amazing things can happen when you connect the unconnected. An integral part of our DNA is creating long-lasting customer partnerships, working together to identify our customers' needs and provide solutions that fuel their success.",cisco
160,Cisco,employee accessibility news stories Cisco,https://www.cisco.com/c/m/en_us/customer-experience/customer-stories.html,Customer Success Stories - Customer Experience - Cisco,"Cisco Customer Experience is helping customers scale, reduce risk, improve efficiency, adapt to changing market dynamics, and achieve their business goals.",cisco
162,Cisco,employee accessibility news stories Cisco,https://newsroom.cisco.com/press-release-content?articleId=2099645,Cisco Completes Acquisition of BabbleLabs | The Network,"News Releases. March 31, 2021 Cisco Webex Powers Personal Well-Being, Higher Performing Teams and Inclusive Collaboration March 30, 2021 Kiss Passwords G00dby3: Cisco Secure Unveils Passwordless Future with Stronger Security for All March 30, 2021 Cisco Redesigns Internet Infrastructure to Support a More Inclusive Future March 30, 2021 Giving Customers Choice to Buy How They Want: Cisco ...",cisco
163,Cisco,employee accessibility news stories Cisco,https://www.cisco.com/c/en_ca/about.html,About Cisco - Cisco,"88 Queens Quay West, Suite 2700, Toronto, Ontario M5J 0B8 Phone: (416) 306-7000 Fax: (416) 306-7099",cisco
165,Cisco,employee accessibility news stories Cisco,https://community.cisco.com/t5/technology-and-support/ct-p/technology-support,Technology and Support - Cisco Community,"Cisco helps power an inclusive future for all Between a future for some and a future for all, there's a bridge. Watch customer stories and learn how Cisco core technologies have been...",cisco
166,Cisco,employee accessibility news stories Cisco,https://www.cisco.com/c/en/us/solutions/index.html,Solutions - Cisco,"Cisco on Cisco: Sharing our IT stories By sharing Cisco's own IT experience, Cisco on Cisco can help customers and partners use technology to achieve business outcomes. Get an inside look at the inner workings of Cisco IT.",cisco
169,Cisco,Cisco name erg disability news,https://news-blogs.cisco.com/apjc/2020/02/03/cisco-top-trends-for-2020/?oid=psten020477,Cisco Top Trends for 2020 - The Cisco News Network - APJC,"The possibilities include eliminating many diseases, hereditary conditions and disabilities but concurrently opens many deeper ethical questions that will need to be addressed. *Clustered Regularly Interspaced Short Palindromic Repeats . Learn more in Cisco’s 2020 Networking Trends report.",cisco
171,Cisco,Cisco name erg disability news,https://community.cisco.com/t5/switching/cisco-3020-error-what-is-err-disabled-reson-lsgroup/td-p/979072,Cisco 3020 error - WHat is err-disabled reson lsgroup ...,Cisco ACLs are characterized by single or multiple permit/deny statements. The purpose is to filter inbound or outbound packets on a selected network interface. There are a variety of ACL types that are deployed based on requirements.,cisco
172,Cisco,Cisco name erg disability news,https://community.cisco.com/t5/switching/what-are-reasons-err-disabled-would-occur-on-interface/td-p/1874174,What are reasons err-disabled would occur on interface - Cisco,Solved: We have a Cisco 3750G-POE 24 port switch. A user's port status went into err-disabled status. The switch is not configured for port-security. What are some reasons why a port would go err-disabled? Thx in advance for any help provided.,cisco
173,Cisco,Cisco name erg disability news,https://community.cisco.com/t5/email-security/reporting-is-disabled/td-p/2024749,Solved: Reporting is disabled - Cisco Community,"Looks like the reporting process has got in so sort of trouble. As this appears to be an unknown issue. I would recomemd you to contact cisco support so that we can assist you further. Sorry for the inconvinience caused to you. Meanwhile, Please paste the response of ( from the cli ) esa> tail reportd_logs",cisco
174,Cisco,Cisco name erg disability news,https://learningnetwork.cisco.com/s/article/understanding-cisco-eem-by-examples-part-1,Understanding Cisco EEM by examples Part 1,"EEM (Embedded Event manager is a software component of cisco IOS, XR, and NX-OS EEM gives you high abilities to admin your cisco device by tracking and monitoring events that take place on your Cisco device and then apply action you already decided early , EEM by giving you this ability , it allow you to automate many tasks .",cisco
175,Cisco,Cisco name erg disability news,https://community.cisco.com/t5/switching/gb-port-shows-err-disabled/td-p/2166052,GB Port shows (err-disabled) - Cisco Community,"I've got two two 3560s switchs, (WS-C3560G-48TS-S) that I'm trying to connect to each other using the GB ports over Fibre. We purchased the following GBICs, SFP 1000SX Transceiver and when we put them in the port it shows (err-disabled). Below is some information I pulled from one of the ports, but doesn't matter what port I use they all say the same thing.",cisco
176,Cisco,Cisco name erg disability news,https://investor.cisco.com/news/news-details/2020/Cisco-Reports-Privacy-and-Security-Concerns-Increase-in-Todays-Remote-World/default.aspx,Investor Relations - Cisco Reports Privacy and Security ...,"News Summary: Two new global surveys highlight the challenges and opportunities of the accelerated transition to a cloud-first, remote world that demands us to be secure, connected and productive from anywhere. IT teams were not fully prepared for the sudden transition to remote work. Secure access and endpoint security continue to be a top challenge in enabling hybrid work environments going ...",cisco
177,Cisco,Cisco name erg disability news,https://cway.cisco.com/mydevices/reports?type=contractRenewal,Cisco MyDevices,Cisco MyDevices,cisco
178,Cisco,Cisco name erg disability news,https://www.cisco.com/c/en/us/td/docs/voice_ip_comm/cer/14/english/administration/guide/cer0_b_cisco-emergency-responder-administration-guide-1401/cer0_b_cisco-emergency-responder-administration-guide-1401_appendix_010100.html,Cisco Emergency Responder Administration Guide for Release ...,Cisco Emergency Responder (Emergency Responder) sets the Function Code to one of the following: ... such as changing a street name D for Deleting an ALI record ... The Disability Indicator is a reserved 20-character field that the carrier can use to enter disability information. The following table shows the Disability Indicator designations ...,cisco
179,Cisco,Cisco name erg disability news,https://www.cisco.com/c/en/us/td/docs/wireless/controller/9800/17-5/config-guide/b_wl_17_5_cg/m_preface_cli.html,Cisco Catalyst 9800 Series Wireless Controller Software ...,"Book Title. Cisco Catalyst 9800 Series Wireless Controller Software Configuration Guide, Cisco IOS XE Bengaluru 17.5.x . Chapter Title. Preface. PDF - Complete Book (17.25 MB) PDF - This Chapter (1.04 MB) View with Adobe Reader on a variety of devices",cisco
180,Cisco,disabled employee news blogs Cisco,https://news-blogs.cisco.com/apjc/2020/04/29/its-not-about-disability-its-about-differences-and-different-strengths-we-bring-to-the-world/,"“It’s not about disability, it’s about differences, and ...","Led by a small group in ANZ, the Cisco Disability Awareness Network aims to drive greater awareness of disability, and create a more inclusive environment. The complimentary Special Needs Children Group works to generate awareness, and support parents with children of special needs by providing a community they can connect with, and seek ...",cisco
181,Cisco,disabled employee news blogs Cisco,https://news-blogs.cisco.com/emear/2021/03/29/out-of-sight-but-not-out-of-mind-employees-believe-strong-company-cultures-will-underpin-a-successful-hybrid-world-of-work/,Out of sight but not out of mind ... - news-blogs.cisco.com,"UK employees spend on average half of their waking hours working, amplifying the importance of not only optimizing office and virtual workspaces, but building strong, inclusive organisational cultures too. While many remote workers feel empowered and trusted by their managers and teams to do the job at hand, there are still a significant ...",cisco
182,Cisco,disabled employee news blogs Cisco,https://news-blogs.cisco.com/tag/employee-experience,employee experience - Cisco Blogs,Transforming the Employee Experience: Knocking Down the Barriers to Success . People are our single greatest asset at Cisco. Creating a world-class employee experience is crucial because it helps us attract and retain exceptional people and give them what they need...,cisco
183,Cisco,disabled employee news blogs Cisco,https://blogs.cisco.com/tag/math,math - Cisco Blogs,"This article was originally published on Cisco’s internal employee news site, Cisco Employee Connection. The Internet of Everything is beginning to transform every aspect of our lives. Can we still change this world for the better by connecting people, data, process and things?",cisco
184,Cisco,disabled employee news blogs Cisco,https://gblogs.cisco.com/uki/how-ciscos-flexible-working-culture-is-driving-inclusion-and-employee-engagement/,How Cisco’s flexible working culture is ... - Cisco Blogs,"As I approach my 20 th anniversary of working at Cisco, I have been reflecting on how the culture here contributes to work being something that I do (and enjoy!), rather than a place that I go to 5 days-a-week.. As a young company, Cisco created a culture of empowerment for its employees, which today encourages us to do the right thing for the business – but also for ourselves.",cisco
186,Cisco,disabled employee news blogs Cisco,https://blogs.cisco.com/news,Executive Platform - Cisco Blogs,"Cisco completed its acquisition of Acacia Communications, Inc., a company that designs and manufactures high-speed optical interconnect products and technologies. Acacia’s technology is very complementary to Cisco’s optical systems and optics strategy and reinforces its investment in the Internet for the Future with world-class coherent ...",cisco
187,Cisco,disabled employee news blogs Cisco,https://gblogs.cisco.com/be/hackforgoodhackathon/,Cisco’s first HackforGood hackathon has ... - Cisco Blogs,"HackforGood has been a huge success with 100 participants from 8 NGOs and 8 ‘digital’ companies. Project PIMS of CRETH and Cisco partners Proximus and Telindus Luxembourg won the social hackathon. They want to create a uniform control platform for communications and home automation, allowing disabled persons to be more independent in their daily life.",cisco
188,Cisco,disabled employee news blogs Cisco,https://www.cisco.com/c/en/us/about/inclusion-diversity.html,"Diversity, Inclusion, and Collaboration at Cisco - Cisco","Cisco delivers a diverse, inclusive, and collaborative workplace that captures and optimizes the collective talents of our global teams.",cisco
191,Cisco,disabled employee news blogs Cisco,https://www.cisco.com/c/en/us/training-events/events-webinars/influencer-hub/blog-awards.html,"IT Blog Awards, hosted by Cisco - Cisco","The IT Blog Awards, hosted by Cisco, recognizes excellence in the blogging, vlogging and podcasting communities for work done throughout the year. There are six categories. Winners will be chosen by popular vote and a judging panel. Submit your blog now.",cisco
192,Cisco,disabled employee news blogs Cisco,https://community.cisco.com/t5/switching/unable-to-log-messages-to-syslog-server/td-p/1601321,Solved: unable to log messages to syslog server - Cisco ...,"Solved: Hi all, Happy new Year. I have kiwi syslog server setup on pc. from switch i config this logging trap debugging logging 192.168.20.16 PC IP is 192.168.20.16. but on pc i am unable to see the syslog messages? thanks mahesh",cisco
193,Cisco,disabled employee news blogs Cisco,https://community.cisco.com/t5/unified-communications/jabber-call-feature-disabled/td-p/2115658,Jabber Call feature disabled - Cisco Community,"Hi everyone. I´m facing a problem with Jabber where the call feature is disabled, only to one user. The user is able to connect on Jabber but he can´t do any call. On the CallManager, the CSF device appears as Unregistered. I have checked all the configurations on the CM and Presence , the LDAP us...",cisco
194,Cisco,disabled employee news blogs Cisco,https://community.cisco.com/t5/xr-os-and-platforms/mpa-disabled-after-rsp-upgrade/td-p/4088704,MPA disabled after RSP upgrade - Cisco Community,"greeting after upgrading the RSP from 440 to 880 and rebooting the device i had an issue where one of MPA started showing disabled A9K-MPA-4X10GE DISABLED NPWR,NSHUT,MON which was working normally before the reboot. after changing the MPA to another",cisco
195,Cisco,disabled employee news blogs Cisco,https://community.cisco.com/t5/network-access-control/ise-report-for-user-id-disable/td-p/3939926,ISE report for user ID disable. - Cisco Community,"In mine organization, randomly few users TACACS ID are getting disabled for which i need to generate a monthly report of list of user ID and cause for ID disablement. Also i need that report to be sent periodically (monthly) to our mail ID. > IDs are not expired or disabled due to multiple wrong attempts. Hope this info is sufficient !",cisco
196,Cisco,disabled employee news blogs Cisco,https://community.cisco.com/t5/network-access-control/ise-guest-redirection-chrome-web-browser/td-p/3954746,Solved: ISE Guest Redirection- Chrome Web Browser - Cisco ...,"Solved: We are using ISE 2.4 patch 9 for guest access, and are encountering an issue with the redirection process on Windows 10 devices. After connecting to the guest SSID, windows detects the captive portal and will launch the edge browser by",cisco
198,Cisco,accessibility statement news Cisco,https://blogs.cisco.com/tag/accessibility,accessibility - Cisco Blogs,Bringing Accessibility to Business Communications . Workplaces provide extra challenges for the 3.4 million visually impaired and blind Americans. The Phone Accessibility Project is a collaboration of Cisco and the American Council of the Blind.,cisco
199,Cisco,accessibility statement news Cisco,https://www.cisco.com/c/en/us/about/accessibility/contact-accessibility-team.html,Contact Cisco Accessibility - Cisco,Cisco Accessibility Initiative is a company-wide effort that stresses the importance of creating accessible products.,cisco
201,Cisco,accessibility statement news Cisco,https://www.cisco.com/c/dam/en_us/about/responsibility/accessibility/products/Cisco_Accessibility_Innovation_October_2020.pdf,"Cisco - Networking, Cloud, and Cybersecurity Solutions","Cisco - Networking, Cloud, and Cybersecurity Solutions",cisco
202,Cisco,accessibility statement news Cisco,https://blogs.cisco.com/news/huawei-and-ciscos-source-code-correcting-the-record,Huawei and Cisco's Source Code: Correcting the Record ...,"Last week, I wrote about statements made by Charles Ding, Huawei’s Senior Vice President and Chief Representative in the U.S., Mr. Ding explained the 2003-2004 intellectual property litigation between Cisco and Huawei as follows: “Huawei provided our source code of our products to Cisco for review and the results were that there was not any infringement found and in the end Cisco withdrew ...",cisco
203,Cisco,accessibility statement news Cisco,https://investor.cisco.com/financial-information/sec-filings/default.aspx,Investor Relations - Financial Information - Cisco,"To contact Cisco Investor Relations: Investor Relations Department. Cisco Systems, Inc. 170 West Tasman Drive San Jose, CA 95134-170 USA Phone: (408) 227-CSCO Fax: (408) 853-3683 To email Cisco IR, please click here and scroll to the bottom of the page",cisco
204,Cisco,accessibility statement news Cisco,https://community.cisco.com/t5/networking-documents/cisco-software-defined-access-case-studies/ta-p/3866042,Cisco Software Defined Access Case Studies - Cisco Community,"Cisco® Software-Defined Access (SD-Access) enables customers to ease their network management worries, it gives you a single network fabric, from the edge to the cloud. You can set policy-based automation for users, devices, and things. Provide access to any application, without compromising on security.",cisco
205,Cisco,accessibility statement news Cisco,https://community.cisco.com/t5/network-security/can-t-access-certain-websites/td-p/2235915,Solved: Can't access certain websites - Cisco Community,access-list out_access_in extended permit tcp any host 98.101.139.210 eq netbios-ssn access-list out_access_in extended permit tcp any host 98.101.139.210 eq 445 access-list out_access_in extended permit tcp any host 98.101.139.210 eq https access-list out_access_in extended permit object-group TCPUDP any host 98.101.139.210 eq 3389,cisco
206,Cisco,accessibility statement news Cisco,https://community.cisco.com/t5/routing/access-list-remarks/td-p/1564711,Solved: access-list remarks - Cisco Community,"First, execute show ip access-list from the exec mode and note the line numbering on the access-list entries. Second, enter in config mode and go into the access-list submode by typing ip access-list extended NAT. Third, when entering the command select a number that's between the line numbering from step 1.",cisco
207,Cisco,accessibility statement news Cisco,https://investor.cisco.com/Home/default.aspx,Investor Relations - Overview - Cisco,"To contact Cisco Investor Relations: Investor Relations Department. Cisco Systems, Inc. 170 West Tasman Drive San Jose, CA 95134-170 USA Phone: (408) 227-CSCO Fax: (408) 853-3683 To email Cisco IR, please click here and scroll to the bottom of the page",cisco
208,Cisco,accessibility statement news Cisco,http://newsroom.cisco.com/press-release-content?articleId=888280,Cisco's VNI Forecast Projects the Internet Will Be Four ...,"SAN JOSE, Calif. and WASHINGTON D.C. – May 30, 2012 – Today, Cisco issued results of the annual Cisco ® Visual Networking Index (VNI) Forecast (2011-2016), the company's ongoing initiative to forecast and analyze Internet Protocol (IP) networking growth and trends worldwide.The VNI Forecast update covers 2011-2016, and quantitatively projects the significant amount of IP traffic expected ...",cisco
209,Cisco,accessibility statement news Cisco,https://community.cisco.com/t5/vpn/cisco-any-connect-no-access-to-lan/td-p/2595028,Cisco Any Connect - No access to LAN - Cisco Community,threat-detection statistics access-list no threat-detection statistics tcp-intercept ntp server 206.246.122.250 source outside ntp server 66.219.116.140 source outside ntp server 165.193.126.229 source outside prefer ssl trust-point ASDM_Launcher_Access_TrustPoint_2 inside vpnlb-ip ssl trust-point ASDM_Launcher_Access_TrustPoint_2 inside webvpn,cisco
210,Cisco,accessibility statement news Cisco,https://community.cisco.com/t5/custom/page/page-id/community-site-map?categoryId=technology-support,Community Site Map - Cisco Community,Auto-suggest helps you quickly narrow down your search results by suggesting possible matches as you type.,cisco
212,Cisco,accessibility statement news Cisco,https://tools.cisco.com/security/center/resources/sql_injection,Back Button - Cisco,"These cookies are necessary for the website to function and cannot be switched off in our systems. They are usually only set in response to actions made by you which amount to a request for services, such as setting your privacy preferences, logging in or filling in forms.",cisco
213,Cisco,accessibility statement news Cisco,https://jobs.cisco.com/,Cisco Jobs,"Cisco is an Affirmative Action and Equal Opportunity Employer and all qualified applicants will receive consideration for employment without regard to race, color, religion, gender, sexual orientation, national origin, genetic information, age, disability, veteran status, or any other legally protected basis.",cisco
214,Cisco,accessibility statement news Cisco,https://newsroom.cisco.com/press-release-content?articleId=1918770,Cisco & partners announce UK govt. funded project 5G ...,"Cisco; Cisco (NASDAQ: CSCO) is the worldwide technology leader that has been making the Internet work since 1984. Our people, products, and partners help society securely connect and seize tomorrow's digital opportunity today. Discover more at newsroom.cisco.com and follow us on Twitter at @Cisco.",cisco
215,Cisco,accessibility statement news Cisco,https://meeting-infohub.cisco.com/interop/,Cisco TelePresence Interoperability Database,"We endeavor to make our Cisco TelePresence products interoperable with all relevant standards-based equipment. Although it is not possible to test all scenarios, the testing on which this data is based covers most common functions of the listed endpoints and infrastructure.",cisco
216,Cisco,accessibility statement news Cisco,https://investor.cisco.com/news/news-details/2021/Cisco-Provides-Customers-Unmatched-Visibility-Across-Applications-and-the-Internet/default.aspx,Investor Relations - Cisco Provides Customers Unmatched ...,"SAN JOSE, Calif., March 30, 2021 /PRNewswire/ -- – CISCO LIVE – Cisco today announced new software-delivered solutions offering technology teams greater visibility of what is happening anywhere across their networks, at any time. By integrating ThousandEyes internet and cloud intelligence with AppDynamics and Cisco's most widely deployed switching family, customers can have ubiquitous ...",cisco
217,Cisco,accessibility statement news Cisco,https://transform.cisco.com/c/Exec_GoogleCloud?x=xlG4zk&lx=9DvHxH,Networking blog: Enable simplified ... - transform.cisco.com,Cisco Live sneak peek: Enjoy exclusive content with the Early Access Experience starting on Mar. 22 Cisco Partner Forrester study on MSPs: Managed service providers can increase revenue by up to 50% with Cisco,cisco
218,Cisco,accessibility statement news Cisco,https://transform.cisco.com/c/Techeng_GoogleCloud?x=Dz-PBD&lx=O5CA9d,Networking blog: Reduce your ... - transform.cisco.com,Cisco SD-WAN relaunch: Empower your customers with Secure Access Service Edge (SASE) Cisco SD-WAN Cloud Enterprise Networking Region - APJC Watch the video: Learn about the Nexus 3550-T switch and the Nexus X100 SmartNIC adapter,cisco
219,Cisco,accessibility statement news Cisco,https://transform.cisco.com/seller/Seller_JChenCLBlog?lx=eU85Ua,"Cisco Live blog: Get the CX Partner eBook, plus early ...","Cisco Partners, get early and exclusive access to Cisco Live 2021 Cisco Partner Launches, Events, Announcements Marketing campaign for Business Critical Services: Read the guide for Partner sellers",cisco
220,Cisco,accommodation statement news Cisco,https://newsroom.cisco.com/global,Cisco Global News | The Network,"News Release Michigan Moonshot Partners with Toyota, Cisco to Expand Wi-Fi News Summary: Free community Wi-Fi access added at 50 public sites across S.E. Michigan Initiative to help bridge the digital divide and provide equitable . November 23, 2020",cisco
221,Cisco,accommodation statement news Cisco,https://www.cisco.com/c/m/en_us/customer-experience/customer-stories/UMMS.html,Cisco CX Customer Story – UMMS - Cisco,"The organization redirection Cisco Catalyst 9000 switches from a new hospital building to provide support for COVID-19 patients. Cisco helped UMMS stand up networks and security to support the convention center, the previously decommissioned Laurel Hospital, and between more than six hotels to provide emergency care.",cisco
222,Cisco,accommodation statement news Cisco,https://www.cisco.com/c/dam/en_us/about/ac49/ac20/downloads/annualreport/ar2003/pdf/proxy.pdf,"CISCO SYSTEMS, INC.","CISCO SYSTEMS, INC. 170 West Tasman Drive San Jose, California 95134-1706 PROXY STATEMENT FOR ANNUAL MEETING OF SHAREHOLDERS These proxy materials are provided in connection with the solicitation of proxies by the Board of Directors",cisco
223,Cisco,accommodation statement news Cisco,https://community.cisco.com/t5/integrated-security-platform/how-can-i-stay-up-to-date-on-developments-with-cisco-threat/td-p/3987536,How can I stay up to date on developments with Cisco ...,Register for Cisco Threat Response webinars to learn about our newest integrations and features. Choose one of the topics below to view our Cisco Threat Response Resources to help you on your journey with CTR,cisco
224,Cisco,accommodation statement news Cisco,https://www.cisco.com/c/dam/en_us/about/annual-report/cisco-annual-report-2019.pdf,Cisco Annual Report 2019,"About Cisco Cisco (NASDAQ: CSCO) is the worldwide technology leader that has been making the Internet work since 1984. Our people, products, and partners help society securely connect and seize tomorrow’s digital opportunity today. Find news at thenetwork.cisco.comand follow us on Twitt er at @Cisco. Cisco technology is creating a world of ...",cisco
225,Cisco,accommodation statement news Cisco,https://investor.cisco.com/news/news-details/2020/Cisco-Announces-May-2020-Events-with-the-Financial-Community/default.aspx,Investor Relations - Cisco Announces May 2020 Events with ...,"Cisco today announced that it will participate in the following conferences with the financial community during the month of May. Sessions which offer a webcast can be accessed via Cisco's Investor Relations website at investor.cisco.com. J.P. Morgan 48th Annual Global Technology, Media Communication Conference May 14, 2020 Virtual 1x1 meetings Cowen and Company 48th Annual Technology, Media ...",cisco
226,Cisco,accommodation statement news Cisco,https://investor.cisco.com/news/news-details/2019/Cisco-Redefines-Customer-Experience-with-New-Partner-Opportunities-Value-to-Customers/default.aspx,Investor Relations - Cisco Redefines Customer Experience ...,"Cisco Partner Summit - With IT driving business transformation, leaders feel boardroom pressure to deliver results while coping with skills gaps and struggling with increased complexity. To address this, today at Cisco Partner Summit, Cisco CX announced new developments to a lifecycle selling approach that accelerate customer success while supporting growth for its partners.",cisco
227,Cisco,accommodation statement news Cisco,https://community.cisco.com/t5/custom/page/page-id/Events,Events - Cisco Community,"Cisco SD-WAN Global Forum : Quick Guide to Design, Deploy, Operate, and Maintain - AMA event. To participate in this event, please use the button to ask your questions Ask questions from Monday, March 8 to Friday, March 19, 2021 Español Português Français Русский 日本語 简体中文 All the knowledge of these four experts at your disposal!",cisco
228,Cisco,accommodation statement news Cisco,https://investor.cisco.com/news/news-details/2019/Cisco-Reports-Fourth-Quarter-And-Fiscal-Year-2019-Earnings/default.aspx,Investor Relations - Cisco Reports Fourth Quarter And ...,Q4 Results: 1 Revenue : $13.4 billion Growth of 6% year over year Earnings per Share: GAAP: $0.51; Non-GAAP: $0.83 Non-GAAP EPS increased 19% year over year FY 2019 Results: 1 Revenue: $51.7 billion Growth of 7% year over year Earnings per Share: GAAP: $2.61; Non-GAAP: $3.10 Non-GAAP EPS increased 20% year over year Q1 Guidance: 1 Revenue: 0% to 2% growth year over year Earnings per Share ...,cisco
229,Cisco,accommodation statement news Cisco,https://blogs.cisco.com/financialservices/what-will-cisco-impact-unveil-for-financial-institutions,What will Cisco IMPACT unveil for Financial Institutions ...,"Normally sellers from all over the world fly to Las Vegas for a week of Cisco sessions, networking, and fun. It is the time when new product releases are announced internally, and the sales teams are educated on the latest and greatest solutions Cisco will be offering our customers this year. Last year I attended Cisco IMPACT as a seller.",cisco
230,Cisco,accommodation statement news Cisco,https://newsroom.cisco.com/feature-content?articleId=5326638,Hotel Guests Checking Into Public Cisco TelePresence Rooms ...,"January 26, 2010. By James A. Martin. Hotels are in the business of bringing people together, not just giving them a place to sleep. With that in mind, hoteliers around the world are increasingly adding public Cisco TelePresence virtual meeting rooms to their list of business-class amenities. ""The attentive nature of a hotel environment, along with the Cisco TelePresence collaboration ...",cisco
231,Cisco,accommodation statement news Cisco,https://investor.cisco.com/news/news-details/2018/UPDATE---New-Cisco-Study-Predicts-Dramatic-Change-in-IT-Operations-as-CIOs-Embrace-Analytics-and-Automation/default.aspx,Investor Relations - UPDATE - New Cisco Study Predicts ...,"SAN JOSE, Calif. , Nov. 01, 2018 (GLOBE NEWSWIRE) -- Today, Cisco announced the launch of its new IT Operations Readiness Index revealing how data is transforming the way businesses operate their IT. The Index surveyed more than 1,500 senior IT leaders from across the globe to understand where organizations are on their IT operations transformation journey, revealing a four-step model for IT ...",cisco
